,investing,stocks,accuracy,macro avg,weighted avg
precision,0.672544080604534,0.6703296703296703,0.671484888304862,0.6714368754671021,0.6714557896153105
recall,0.689922480620155,0.6524064171122995,0.671484888304862,0.6711644488662273,0.671484888304862
f1-score,0.6811224489795918,0.6612466124661247,0.671484888304862,0.6711845307228583,0.6713542980518169
support,387.0,374.0,0.671484888304862,761.0,761.0
