,investing,stocks,accuracy,macro avg,weighted avg
precision,0.7039800995024875,0.7103064066852368,0.7069645203679369,0.7071432530938622,0.7070892176185825
recall,0.7312661498708011,0.6818181818181818,0.7069645203679369,0.7065421658444915,0.7069645203679369
f1-score,0.7173637515842839,0.6957708049113234,0.7069645203679369,0.7065672782478036,0.7067517120892941
support,387.0,374.0,0.7069645203679369,761.0,761.0
