,investing,stocks,accuracy,macro avg,weighted avg
precision,0.6717171717171717,0.6684931506849315,0.6701708278580815,0.6701051612010516,0.670132698831419
recall,0.6873385012919897,0.6524064171122995,0.6701708278580815,0.6698724592021446,0.6701708278580815
f1-score,0.6794380587484036,0.6603518267929634,0.6701708278580815,0.6698949427706835,0.6700579657768733
support,387.0,374.0,0.6701708278580815,761.0,761.0
