,investing,stocks,accuracy,macro avg,weighted avg
precision,0.6776649746192893,0.6730245231607629,0.6754270696452037,0.6753447488900262,0.6753843848091856
recall,0.689922480620155,0.660427807486631,0.6754270696452037,0.6751751440533931,0.6754270696452037
f1-score,0.6837387964148528,0.6666666666666666,0.6754270696452037,0.6752027315407597,0.6753485513086482
support,387.0,374.0,0.6754270696452037,761.0,761.0
