,investing,stocks,accuracy,macro avg,weighted avg
precision,0.6262833675564682,0.7007299270072993,0.6530880420499343,0.6635066472818838,0.6628707699672577
recall,0.7881136950904393,0.5133689839572193,0.6530880420499343,0.6507413395238293,0.6530880420499343
f1-score,0.6979405034324943,0.5925925925925926,0.6530880420499343,0.6452665480125435,0.6461663659106504
support,387.0,374.0,0.6530880420499343,761.0,761.0
