,investing,stocks,accuracy,macro avg,weighted avg
precision,0.6737588652482269,0.6982248520710059,0.6846254927726675,0.6859918586596164,0.6857828850533771
recall,0.7364341085271318,0.6310160427807486,0.6846254927726675,0.6837250756539401,0.6846254927726675
f1-score,0.7037037037037037,0.6629213483146067,0.6846254927726675,0.6833125260091553,0.683660864130087
support,387.0,374.0,0.6846254927726675,761.0,761.0
