,investing,stocks,accuracy,macro avg,weighted avg
precision,0.6911764705882353,0.7025495750708215,0.6964520367936925,0.6968630228295284,0.6967658806756035
recall,0.7286821705426356,0.6631016042780749,0.6964520367936925,0.6958918874103552,0.6964520367936925
f1-score,0.7094339622641509,0.6822558459422283,0.6964520367936925,0.6958449041031896,0.6960770430730878
support,387.0,374.0,0.6964520367936925,761.0,761.0
