,investing,stocks,accuracy,macro avg,weighted avg
precision,0.6844783715012722,0.6793478260869565,0.6819973718791065,0.6819130987941144,0.6819569207983103
recall,0.6950904392764858,0.6684491978609626,0.6819973718791065,0.6817698185687242,0.6819973718791065
f1-score,0.6897435897435897,0.6738544474393531,0.6819973718791065,0.6817990185914714,0.6819347339988006
support,387.0,374.0,0.6819973718791065,761.0,761.0
