,investing,stocks,accuracy,macro avg,weighted avg
precision,0.6759493670886076,0.6721311475409836,0.6741130091984231,0.6740402573147957,0.6740728702281459
recall,0.689922480620155,0.6577540106951871,0.6741130091984231,0.673838245657671,0.6741130091984231
f1-score,0.6828644501278772,0.6648648648648648,0.6741130091984231,0.673864657496371,0.6740183990262127
support,387.0,374.0,0.6741130091984231,761.0,761.0
