Feature,Importance
bond,0.0031280112505847023
invest,0.003130100474005855
would,0.00314093457356401
revenue,0.003236349705956574
award,0.0033457356936380444
tax,0.003495118207802199
reported,0.0035267657680479445
share,0.004002638617504474
html,0.004540660315483799
cnbc,0.00571209118408245
ira,0.005778326589790389
account,0.0059883077121099205
www,0.00609056088000679
roth,0.006350557623191536
company,0.006979616141941643
investment,0.007032158006154215
com,0.0072490483976112565
stock,0.007859332073882652
fund,0.008122742110104095
http,0.008503652836048222
