Feature,Importance
new,0.0033801988254455622
source,0.003452874214217594
bond,0.0035299113595945912
share,0.0037754053207475964
see,0.0038144182861759497
invest,0.004063468679203887
said,0.004288734168743211
award,0.004373670028636972
cnbc,0.004458865868414394
company,0.005127574071543607
account,0.005473318199720681
html,0.0056754190258400915
roth,0.0059533862820360505
fund,0.006387113283428373
investment,0.0075161892016207595
ira,0.007577577388662445
http,0.00804217487708234
www,0.008069866526765094
com,0.00810798307965814
stock,0.008688312787682917
